1,Smok
7,Ara
8,Kayra
9,Kudlaty
11,Marcan
12,?apa
13,Fuma
16,Lwiczka
21,Leniwiec
28,Raf-eReM
34,Kitsune
38,Q-nik
42,Szhival
44,LV
47,Herisheft
49,sharpy
55,D?wied?
57,Lester
65,vila
68,huskion
70,Nasshnarah
74,SMD_
84,Caith
94,Bluari
97,Red-IzaK
98,Orzel
99,Vethuleion
101,Sava
103,Siara
104,Dirke
109,AlphaFox
114,Chemical
119,Rhinjin
121,Rikku
126,Bia?y Wilk
127,korial
128,Dragoon
131,MikaelGrizzly
136,N527
140,Macko
141,Dizo
143,Fenn
146,Shubi
149,Froot
151,Azahiel
167,Readan
170,Raavi
182,Aquilion
184,Draco
199,Redi
200,PanKot
212,Dereck
270,JohnTheRonso
273,Nyuubi
275,Namida
290,DarkV
297,Kassi
299,jackiej
304,ALLACH
330,Arcan
333,Leo_JR
335,PMFox
337,Chitauri_Hunter
350,RyanFurrier
351,RAKATAN
353,Nickolas
366,Simba
389,Ryan
391,MichallusTG
397,Neonus
404,Wolfy
412,Osio?
414,Hufnaar
418,Kujot
420,Deneb
424,Guenhwyvar
425,Wilko?akNerevar
442,Raksha
448,Mira
450,Dreamer
451,Rez
453,Viven
456,Kuc
458,Nagmar
460,Quaszadar
461,Solon
471,Hind
473,Charlee
475,Trybek
476,Yami
477,Jimmy
478,Creav
479,Lunaaa
480,Pazur
481,Je?yk
484,Reirun
486,Seti
489,meachy
501,Ka-Dwakus
507,wilczyca_Jiraiya
509,Occidio
518,Zeld
519,Foxia
522,judas666
526,Scooby
529,Anger
531,woskar
534,Ares
539,Loopus
540,Lessie
568,luciusruth
574,LaSirene
575,Selena_von_Sang
583,Purrry
592,Fox.
595,Teremis
598,pinoteres
616,Merion
622,Lady_Wolf
624,Reiko
641,Armin
649,leopard
652,Grygus
653,szenron
655,gravedigger
657,Wolfheart
659,Militari
662,Polfurs
666,Worros
668,Ensua
673,Szczur17
674,Szczurex
682,Lew
685,Khane
689,Pasterz
691,Teddy
701,Gabi
711,Io Nois
713,Zu-Ben
717,?mija
719,Soltheim
720,Reriel
729,Drangnel
739,LeoNois
748,Nara
755,To?dy
756,Kyubi
761,xkun
762,Witek
767,kiwi
768,Gerion
772,Bakus
779,Solaxe
781,Yuras12
796,Juraya_San
805,Darkne
811,Louq
817,Angran
819,Leming
820,male?stwo
821,Nightwish
822,FurryMetal
829,Wilczek
831,Hunt
842,Mars
846,Kot
848,FoxBoy
856,Margie
861,Serafin
863,Ulf
870,Tallulah
872,Fonika
879,ShadowCat
882,Leliel
884,Kocur
885,ctx2
887,Sabre
895,fox-men
896,WilkCzerwony
898,kitsunechao
903,OlaHughson
912,Quarion
913,misia
918,GreenReaper
928,Telesfor
932,Kiba
935,Liszek
937,BladacyWilk13
944,Sephirioth
946,Jimmu
947,Desim
952,Lynx
954,Andari
963,WhTigRoufus
965,Zawa
968,smirnoff
973,Issen'Nilla
979,LoneWolf1
980,Grim
997,Blajn
998,KokainowyKot
1000,fuckie
1002,tanuki
1005,Akai
1026,Noxam
1027,Kitty
1032,Kiko
1035,Eliveva
1036,Thresher
1040,Sgt.Safari
1045,DobieDog
1050,Ryjek
1055,Frezo
1058,Panter
1059,Zaira
1064,Padfoot
1068,Anadonus
1071,Maxiter
1074,Albtraum
1083,Ramzes
1084,Thar
1086,Taisir
1099,Siberius
1105,Foxik-Sali
1109,Spydol
1115,Canis
1117,Booster_Drgn
1125,Blitz
1128,Reverie
1132,Sonulciak
1134,huskie_pl
1138,Nirvan
1140,Xstreem
1142,Pantherra
1145,Faraon32
1151,DragonaWolff
1156,ravenlord
1157,Elven
1164,Vindic
1167,Onzo
1176,Kesseg
1178,Vafnir
1181,Kazune
1186,Vellot
1187,Jerzy
1189,Fritz
1192,Asia
1194,Szopa
1195,Kumagoro
1196,lenomilo
1199,Vonderey
1206,Mort
1235,Safira
1241,Tamarah
1258,Trek
1265,Diego
1271,ZizuZiom
1275,Dziama
1278,Bezdomny
1287,Loyban
1301,shoo
1302,Miliard
1311,Pablo
1313,Yukari
1316,Sucz
1318,Trigger
1322,Nivrax
1327,Adrianna
1328,M3Fis70
1330,Savathus
1336,Triskelton
1341,tommor
1344,LeoLeonardo
1353,rafper
1355,Cysiek
1358,Soren
1362,Ensifer
1364,Herdus
1371,Wilku
1378,Polinnes
1386,Drangir
1388,TorisGray
1394,TomEdo
1395,Inu
1397,Aracnan
1401,cerberus
1404,Valentino
1418,Amon
1419,Dingo
1440,Bevelgari
1449,Atinka8
1455,Rezo
1462,Wolfishmaker
1465,Kyllan
1466,Kicius
1468,Kanindor
1469,Sitia
1470,Toboe
1477,Rutxell
1487,Liskowic
1496,Arrakiz
1497,Charlie
1498,Sigrun
1501,Jester
1503,Iblis
1512,st3fcio
1514,Trahall
1521,Valsharaltessem
1529,Chusteczka
1536,Badrock
1537,Cirgon
1545,Raja
1549,Shaab
1555,kinky-foxy
1556,Nighty
1560,Xanoxis
1568,fanpers
1575,SZOKBLAST
1577,Kruczyca
1582,Syriusz
1585,Blaze
1590,Carpe_diem
1591,Loony
1592,Nutty
1606,Ryuzoku
1608,Rafi
1609,Raventhan
1610,Eivel
1620,Kovu
1626,Marija
1633,Gomi
1638,catxborsuq
1639,Wolferno
1648,trajt
1664,TheWatcher
1721,Deme
1753,Tommy Finewolf
1794,dam_
1828,Longin
1831,Yixaviar
1836,the-dingo-dog
1839,Soreh
1842,Nitrox
1843,devil88
1847,Arney
1851,xiven
1854,Niekryty
1856,jaroe
1863,ssendas
1866,kalom060
1869,Keric
1872,SnowyD
1875,Saira
1882,Fuyuumi
1884,Luffy
1888,Incertum
1889,DarkHunter
1894,Dwaggy
1898,Loveshorses
1900,Treed
1908,Michelle
1910,Shinra
1914,Izzy
1921,Rantaurel
1923,Rattuzi
1928,jogi
1934,Richard
1936,Belfegor
1937,WIEWIOR
1940,BlackStripe
1941,czoper
1944,Pan_Pawel
1954,Blaher
1957,Aureliusz
1960,Krieg
1962,Gryzak
1965,Chaos
1968,Alexiel
1976,Vuko
1979,Gwynbleidd
1980,Yarpi
1987,Vivienne.Vixen
1988,danio1990
1989,Teron
1993,Tymo
1995,Szalony_Maluch
2004,Nanaki
2009,MachineSpirit
2014,Gad
2022,Vegi
2039,Zimny
2045,Badwolf
2049,Admc
2059,Erghor
2062,Batox Felis
2070,ValveZ
2074,Zir
2076,Heona
2077,Nemadur
2079,IgnisStripehart
2081,Noxxis
2096,CyrianAtRevan
2101,yadira
2103,Gabriel_Blake
2112,Heratade
2118,kotulik
2120,Willy
2121,Blacky
2123,Helbi
2131,Rough
2132,Rem.
2137,Marvin_Fuchss
2142,Esmera
2148,Chester
2150,toksoplazmoza
2152,Svartrav
2156,Mosi
2162,Elliot
2164,Arashi
2169,Dimitr
2173,Daweo
2175,woocky1
2185,LadyDrakodaDeUlfar
2201,Tygistor
2206,KimuLion
2208,VB93_FrrY
2210,cyplo
2211,Jack31
2216,Pasek
2217,Saraneth
2225,Ziki
2226,Wojnx
2234,Pillster
2235,smilyweevil
2238,Akume
2243,Hexer
2247,Zoree
2251,Mineys
2252,Pegaz1988
2255,Pro4ever
2262,Seleron_Kyrum
2279,my4n
2280,jonu
2285,Silent
2306,Brovarek
2308,Goblin
2312,Gjerrig
2323,Kendel
2330,aenigma
2341,Akum
2342,Shire
2346,LolaSetePartis
2348,oneFox
2350,Zarael
2361,Riciak
2364,Hexwater
2369,SabaWolfie
2370,Shellac
2374,Maczek
2375,Ad4m
2380,Terian
2382,Aerdhil
2383,Draconniss
2387,Rinnara
2388,Kirimaru
2391,Honaku
2392,Sayuri
2398,mr_i
2399,slavic
2401,axel93
2403,Dolar
2405,tlspl
2406,Guruby1
2410,Fenus
2411,Agloval
2413,Nsti
2414,Wofik
2415,b9oski
2416,Aiko
2417,Azumi
2418,Zabu
2420,FutureWolf
2424,Etnasni
2428,Saba
2431,Phogi
2434,Lincu?
2436,Kinio
2438,Jakub
2441,CrazyMig
2442,kobuz
2443,rekda
2446,Pokem
2451,PussyThePanther
2456,alex102
2461,Jighs
2462,Korgad
2463,HiffickTheWuff
2467,R.R.
2470,marco122l
2471,Anijatsu
2472,remi
2473,GreenBolt
2474,Foxypawsy
2475,inhibitor
2477,Iro
2483,Kryzys
2484,FoxdieFox
2485,HienaBiala
2487,Lipper
2488,Shallow
2489,Satanachia.
2490,Wilczurekx
2491,Maciej4321
2492,Aleks
2493,Vita
2494,Hurter
2495,SabaTheDog
2496,Jinx
2497,Kenahi
2498,Blodhrgam
2500,Armour_Vulphart
2501,Sorli
2503,Kubi
2504,Drakalen
2505,MFarley
2506,Keola
2507,Mino
2508,RoKoji
2509,Hampri
2510,Remzo
2511,Soho
2512,Haosu
2513,lasiu
2515,VeroDraco
2516,Alexxx
2517,cortana666
2519,OloWolfi
2520,zukori
2521,Lilesan
2522,LeDD
2523,Jopencjusz
2524,NEO_FOXIE
2525,Boshy
2526,Wasp
2528,Taka
2529,Humanus
2530,zupa
2531,furie
2532,matios23
2533,Wolfox
2534,Reinkarnacyjny_Kot
2535,Felix
2536,Coerse
2537,Shabo
2539,Xavier-Wolf
2540,Hiro
2541,SuchaPalma
2542,RandyTheFox
2543,KeeSho
2544,Kirvis
2545,Alveril
2546,krismay
2547,Memburu
2548,Hamoki
2550,Seatherten
2551,MaeraFey
2552,Nourh_Nourtiatir
2555,Wilk_Szczek
2556,Wilczan
2558,KONY
2559,TheWitcher
2561,MistWolf
2562,InkyPaw
2563,Palton
2564,Sowia
2565,JuroTheDragon
2566,Eryk
2567,Drakon_romero
2569,Tysiek
2570,Kamisha
2571,Agaord
2572,oem20
2573,sebkad
2574,MisterHorus
2575,Felidax
2576,Tsukigomori
2577,Hiige
2578,jull
2580,minnie
2581,shanon
2582,MadMazur
2583,Walar
2586,Unema
2587,altea
2588,Draco_Draconis
2589,Wilky
2590,Lumen
2591,magda975
2592,Pico
2593,Dora
2596,FreezairGryphon
2597,Francis
2598,Hyacinth
2599,regan115
2600,Wolfblu
2601,ludak
2602,jack
2603,Retin
2606,fursuitfun
2607,Wrona
2608,Serberus
2609,Kary
2611,ShastaMan
2612,ElTank
2613,Bellamina
2614,kmlel
2615,wilk378
2616,Vito
2617,Dagre
2618,graff
2619,miakfustegungi
2620,Zekori
2621,majestic
2622,Okami
2623,Drzewolaz
2624,Fenrir
2626,daronfox
2627,AlbinoWyvern
2629,whitefox333
2630,Dragoonis
2631,Zelgadis19
2633,sainet
2635,Dothuigth
2637,Idunn
2638,Kittyzzz
2639,TeoMeawokao
2640,aeth
2641,Sibork
2642,Irbis
2643,Greenvi
2644,Mycha
2645,UnEven
2646,SabaMruMru
2647,ITrAB
2648,Fastum
2649,CamashRed
2650,Aggia
2651,MrsSirko
2653,Shingen
2654,Molester
2655,Rocky
2656,Formutor
2658,Furs1213
2659,Tankers
2660,adam222
2661,TifanyTheMagicCat
2662,Lemi
2664,Fenek
2665,Fatzi
2666,Wilczur2142
2667,pectusculum
2669,Miyak
2671,Astrall
2672,Fixxer
2673,FelixNevorsky
2675,NawetPiez
2676,Zayith
2677,Maro
2678,Araxiel
2680,Cioszek
2681,Vincent
2682,Animalsface
2684,vyjek
2685,Mateo
2686,Feniks
2687,Verba
2688,snow
2689,Komornik
2690,Angua
2691,Ciskov
2693,GeTe
2695,tomekbeta
2696,Stepien
2697,CHUCKPL
2698,FireSendia
2701,Hollow
2703,arcin880902
2704,Geisha
2705,Badlucksblackcat
2706,Wilczocha
2707,bongofaja
2708,Ilia
2709,Marcel
2710,Drackey
2711,kosza
2712,Makaroniara
2713,Snake91
2714,MrFuxik
2716,Lidorn
2717,Beta
2718,Lisek
2719,WiatrakSergal
2720,Uri
2721,Mors1200
2722,tlz1234
2724,Krynek
2727,HarlanWhy89
2728,AhriKitsune
2729,Travis
2733,Charmer
2736,Athiress
2743,afandako1
2749,Yamo
2751,Verissar
2765,Gumek
2766,kysek
2768,Wolfi
2769,Karwel
2770,Sarah.90
2771,Marjani
2773,kitsunechao
2774,peacockeye96
2775,smalooshek
2776,Balasthor
2777,SamantheDeWolf
2778,Teneral
2779,Alfonso
2781,Violator
2783,foxb
2784,Maurice
2785,Gero
2786,PhillipB.
2787,Nexeve
2788,myyst
2790,SergalRaver
2791,Beowulf
2792,Tolek
2793,Lons
2794,tygrys_pasiasty
2795,ZtheWolf
2796,MishAlien
2797,jacklul
2798,NotSeriousFurry
2799,kinmakur
2801,Tulio
2802,Bloodshot
2803,Okiblu
2805,Viluc
2806,Nihi
2808,redfun
2809,Fox245
2810,Gepardos
2811,NeonLonliness
2812,Vardas
2813,marius
2814,hauhau
2815,ponurek
2816,Tigran
2817,Puerto666
2818,EjzoFox
2819,Kotorozec
2820,tetramic
2822,Frosti
2823,panmeta
2824,mistone
2826,SAIX
2827,Goyathlay
2828,Dude
2829,Tevayra
2830,adamo
2831,maxerddbb
2832,moog
2833,PotatoFace
2835,SamiecAlfa
2836,LiSiC
2837,Snuff
2838,Alfa
2839,Polak149
2840,Ilay
2841,Oromis
2842,Toczas
2843,Lunatyk
2844,Rajhin
2845,Immodest_Cyborg
2846,Kaga
2847,przemub
2848,Ameus
2849,eLJot
2850,Sansara
2852,Fuks
2853,hi-jera
2854,Kunako
2855,DimaX93
2856,Luny
2857,HUPOP
2858,Goterinamon
2859,TifanyHejimiwichi
2860,Imhotep
2861,Kurdebele
2863,Devil
2865,Manning
2866,Simikao
2867,piotrq2
2868,Killmer
2869,GizmoWon
2870,Kotoua
2871,dawsterTM
2872,Mhian
2874,Airad
2875,tux
2876,Ivanow69
2879,Cain
2880,Furiatek
2881,PikePAW
2882,UrbanTreX
2884,HerrDelay
2885,Shannon
2886,vapor
2887,Pyro
2888,Suchy
2889,Semi
2890,Greendragon
2893,Zaah
2894,Kisune523
2895,Oriens
2896,Zawiii
2897,polski
2899,Husiek12
2901,Candy
2902,Fokkus
2903,lulu12
2904,Fingerprint
2905,rotfly
2906,ToraTorakuta
2908,Rudzia
2909,Vulon
2910,Sabon
2912,futratus
2913,Friesiansteed
2914,Slomka
2915,Laendasill
2916,9shii
2917,Tuulihaukka
2918,Sanders
2919,Swarug000
2920,helsing
2921,andrus
2923,Mrs.Loba
2925,Rozz
2926,Sangro
2927,Ritualist
2928,Deuter
2929,dzidek
2930,Slashie.exe
2932,BednarPL
2933,dragonita
2934,Sibbil Fo
2935,Shilven
2936,Shaia
2937,JF-049
2939,Bartleby
2940,lili0121
2941,Nishi
2942,Zarfil
2943,Watermelon
2945,Nicosis
2946,Rimor_Mimirsson
2947,ShadeWolf
2948,wasder26
2949,Exir
2950,Maselko
2951,Szejg-
2954,Sajanin
2955,pandaXoXo
2956,Fayolka
2957,FURiousAngel
2958,Szajbus
2959,GoodBad
2960,Tlaloq
2961,Tantan
2965,bakubrody
2966,Pierog
2967,bezia
2968,chouhana
2969,mglisty
2970,Tox
2971,weroniczkamala
2972,Ciapek
2973,Erringbow
2974,Kevin
2975,PablowskyPL
2976,Taranis
2977,GoFeR
2978,tony
2979,MRJ
2980,Iris_
2981,Szelk
2982,Fuki
2983,nahari
2984,Piciklaczek
2988,Sh!ro
2989,Kuroki
2990,kaman96
2991,Buga
2992,aiden
2993,Patroll
2995,draydark
2996,Shupi
2997,Caters
2998,Metka04
2999,pomruk
3000,L-L
3001,JoJo
3002,Terayon
3003,LitlleJacky
3004,_js_
3006,Furryrave
3008,Arak
3009,jsdjjkn
3010,Kaukaz
3011,GhillieWolf
3012,Nightwolf
3013,Arathnax
3014,esesmole
3015,FireTheWolf
3016,Wili-crazywolf
3017,Dragonovers
3019,AliceTsuki
3020,Karrys
3021,Werewolf
3022,Taikowuff
3023,angellixfox
3024,piggypeg
3026,Erine
3028,konarskiii
3029,Kiemi
3030,Qyu
3031,Mona
3032,trigen
3034,Halwor
3035,Mirmida
3037,Singa
3038,FurryFox
3039,Hippis
3040,UglyDucklingArt
3041,Radzio1982
3042,Draugwath
3043,Derpian
3044,Mach
3045,Wilczasty
3046,morelstrike
3047,Milten
3048,zdravko
3050,ErykCoa
3051,skye
3052,Stella
3053,Amberhoof
3055,Mishka
3056,Derpislav
3057,Paul
3058,Akam
3059,Mieczu
3060,Panda104
3062,Doxy
3063,AngranWolf
3064,Heneor
3065,MR0CZEK
3066,kimmochi
3067,Hiame
3069,Amane
3070,Rogal9500
3071,prut
3072,Bronas
3073,FoXiK
3075,wilczus
3077,Note
3078,Alasky
3079,Ne2x
3080,Fisk
3081,Werewuff
3082,Arter
3083,Amber
3086,Madnesi
3087,Ravqe
3088,Fortibus
3089,Cooniasty
3090,Skrewdriver
3091,Wilczaty
3092,Arclight
3093,Bartenn
3094,Obserwator
3095,Delois
3096,Mohrcore
3097,Airvill
3098,Arkadesh
3099,ThroWolf
3101,WilkBastian
3102,White
3103,Boisenberry
3104,kolossus
3105,Wolf8023
3106,Krzesuo
3108,volf360
3109,fury30
3110,Deniu
3111,Drac0
3112,Triafis
3113,VilGrim
3114,domiqs
3115,wytrzeszcz
3116,Ikirui
3117,Reezus
3118,WONSKI
3119,noname
3120,Varrnye
3121,LisekChytrusek
3123,Ingvar
3124,Driven_Snow
3125,maceowek222
3126,Vrona
3127,WhiteShadow
3128,Lady-B.B.
3129,Kapec
3130,husaria
3132,nana
3133,Meku
3134,Lorem
3135,krypto
3136,FoxJumper
3137,Raconess
3138,sennaasia
3139,Shepard
3140,Koala
3141,Lilith
3142,Ferra
3143,Mitis
3145,rosomak
3146,FutureBoom
3147,Kero
3148,Ra'Jari_Black
3149,Ujasiri
3150,Fendirr
3151,Hozztile
3152,Oczy.indigo
3153,UnadulteratedFox
3154,Bazyli
3155,Shadi
3156,Grey
3157,HappyJaime878
3158,Xeran
3159,dankawawa85
3160,Lien-Da
3161,Duane
3162,Mczuk
3163,funiture
3164,DaXWilk
3165,bleblable
3166,Harkat
3167,furrywant
3168,rafraf
3169,Przedator
3171,YinYangFox
3172,haniaPC
3173,Oktek
3174,Udyrek
3175,Xyzer
3177,Artis
3178,Dragyen
3179,Oxeu
3180,Vigo
3181,KevirVigo
3183,Lord
3186,Akuro
3187,BLaCKTiGER
3188,Rennard_Fuchs
3190,Szakal
3191,Rocky8bitter
3192,AURORAGONE
3194,P@w3l
3195,JamesMacintosh
3197,Maxim
3198,per_se
3199,Kub
3200,Jadziua
3201,Shiro
3202,Desmino
3206,Kali
3207,Seywelyn
3208,Arystoteles
3209,Karakeru
3210,Ebi
3211,Cookie
3212,Anxiety
3213,Wiki2511
3214,Lazula
3215,Transformiko
3216,Sajkros
3218,SzatanHajsu
3220,Filemon
3221,MArkow
3222,WilczekBarto
3223,Viesel
3225,Nal
3226,Sensei
3227,KonMinator
3228,Willi
3230,hasym
3231,kiri
3234,Foxy
3235,JuiceWolf96
3236,Kajmex
3237,KsenO
3238,Sebeu
3239,Thelleo
3240,Cygnus
3241,Krzyswiel
3242,Ataaseq
3243,kasia12PL
3244,BravoZulu
3245,eroden
3246,Lanwill
3247,Sage
3248,Makswrc17
3249,gabbydome7
3250,exihukym
3251,Leoxster
3252,Xevrrer
3254,jersey12
3255,Randoman
3256,Obey138
3257,Psychotaku
3259,XenoLizard
3260,Halik
3261,Filipzkonopi
3262,Lisiasty
3263,Kayia_Sweetpaw
3264,Raynkanchi
3266,Kazzyte
3267,Yakme
3268,Vaalandil
3269,bluerry
3271,Neivard
3273,futrzakPL
3274,gaszix
3277,Kepszek
3278,Arkes
3279,jatylkowspieram
3280,Seventh
3281,Emicon
3282,TheFalconrid
3283,filipios
3286,Dziku
3287,Barus
3288,WilczycaEmi
3289,Runit_Arkan
3290,MACK
3291,ostatni.skaut
3292,Utawala
3293,Cassidy
3294,Necker
3295,Lucani
3297,Ricky
3300,Darkness
3301,magdula872
3302,Ari
3303,Emox
3305,TPSv2
3306,Ephi
3310,PerspektywaAnalizy
3312,maruchin
3313,kontotymczasowe
3314,Chronicler
3316,Asyrast
3317,Poczatkowa_Furry
3318,AC.Okami
3319,Razer
3320,DragonLady
3322,ShasiHorrer
3323,szczurek
3324,Panpytacz
3327,Artriel
3328,Lorcan
3329,Ofi
3330,maxofp2p
3331,lyrte
3333,satwithy
3334,Shadow-Okami
3335,Ognik
3336,NoiseVoice
3339,Qnik
3340,Misio
3341,Incales
3342,Iridios
3343,juleber
3344,OmegaKitty
3345,Illaenya
3346,FloofFoofFox
3347,ToraNobumi
3350,UnderBird
3351,endymion
3352,holocaust
3353,dolan_duk
3354,Tygrys
3355,Nester
3356,veganigondal
3357,Roler
3358,Kaspian
3359,Antipixel
3360,Spajki
3361,Nemesis
3362,Sokraal
3363,mroja05
3364,Ziombek
3365,Ardi
3366,LykaiosWolf
3367,kiteu
3368,SupraCream
3369,Haka
3370,Amy
3371,Gial
3372,Myszon
3374,Avien
3375,Nihanne
3377,Florek
3378,szarik
3379,Loki
3380,omenone
3381,Marcus
3383,DiamondJack
3384,LeksurMarkam
3385,Benek
3386,Panda
3387,Thebys
3388,Zefir
3389,Lidhogg
3390,Kuro
3391,Kaylar
3392,Isenal
3395,Kotopard
3398,Fox1337
3399,Confidentia
3400,Fluffy
3401,Cheetah
3402,sarawolf02
3403,Rekzy
3404,DakotaArt
3406,Exai
3407,Letterbomb
3408,FireSky
3410,Madzia
3411,xanek121
3412,Cysiekxd
3413,Nerka
3414,07theSTONE
3415,Nessie
3416,Kejos
3417,Iriso
3418,Chiruzu
3419,Yoshi0234
3420,Menlo
3421,BunnyBoy
3422,Demodric
3424,Fillin
3426,Wolfter
3430,Mooie
3431,Yennes
3432,Kardamon
3433,seanh
3434,kasia1234567
3435,Mich295
3436,AlatumLupus96
3437,sasanek
3438,MarixMyrthan
3439,blaisebauer
3440,Kord
3441,Huskowaty
3442,Lisowaty
3443,Stalker
3444,SheWolf
3445,Ze3
3446,maaandragora
3447,1kgoldpls
3448,thegodane
3449,Likantrop
3450,kotpl27
3451,Wilczak
3452,DwukwiatWernyhora
3453,Neckroo
3454,Draemur
3455,NeckerTheFox
3456,kaiyuktuk
3457,ogonek
3458,Shiron
3459,MarcowyZajaczek
3460,Kivs
3462,zemer
3463,Thards
3464,Nocnywilk
3465,yoshi
3466,Fisky
3467,canned
3468,Faudka
3469,OlafPL
3470,SweetDevil
3471,Narr
3472,Nuttysmasher
3473,AnneTheFox
3474,Drapigney
3475,Zabanya
3476,xSnachor
3477,Misieg
3478,Quackent
3479,random_furrr
3480,Furryx
3481,DiPawer
3482,Piolko
3483,pixelsketcher
3484,lokai0001
3485,Barthez
3486,Rynir
3487,yloxosef
3488,vds
3489,snowierjaguar13
3490,Strojcia
3491,Ferux
3492,Kiro
3493,Draye
3494,Landon
3495,Rotti3
3496,Antoninag
3497,RatchWolf
3498,Hildegarda
3499,Died
3500,Hiruka
3501,Kokoro
3502,Garnieru
3503,Tokka
3504,Toros
3505,Kurama
3506,oofkin
3507,utiqi
3508,cojajestem
3509,Lidia66
3510,Falke
3511,BadUnicornPL
3512,Nazuuu
3513,laeion
3514,Kuntie
3515,gochest
3516,ugigoq
3517,Radianfish
3518,Raster
3519,uhodulu
3520,acuhis
3521,Greennut
3522,Igimar
3523,LonelyWoollenFox
3524,Emiliah69
3525,Naczelny
3526,Nocty
3527,Grandafmor
3528,inozesyd
3529,Adrenalineq
3530,Kimchi
3531,HonDo
3532,Pinnw
3533,FoxyBoy
3534,Crusier
3535,HonDowsky
3536,ipocamyr
3537,Filthy
3538,Fenrirr
3539,Katsu
3540,Purrchinyan
3541,omejur
3542,Freesee
3543,Atari
3544,Seymoria
3546,SiviDragon
3547,Meerkatix
3548,MrBartoszPL
3549,Maissae
3550,xXYaomixStudiosXx
3551,The_Ravvnn
3552,etohyhore
3553,Stellathewolf
3554,Lau
3555,potfur
3556,? Diego Tiger ?
3557,diablos20
3558,Kasmok
3559,Tsucatia
3560,Queezle
3561,tumuduw
3562,Tullinee
3563,Avenarok
3564,Kurczak
3565,haschwalt
3566,luniwef
3567,Techmo
3568,ruskix666
3570,Eldemare
3571,Raccove
3572,Juan
3573,sycimahic
3574,Gruga
3575,eliry
3576,Lusker
3577,TheNaitSabel
3578,Dehton
3579,Liko
3580,Megi
3581,Howlee
3582,DetroX
3583,Howeed
3584,Teryn
3585,enucivoz
3586,oziwepyl
3587,Vexylius
3588,savuno
3589,piesu1123
3590,DogePiesel
3591,Krissr44
3592,Lisiasty_Lisek
3593,velles
3594,Haser
3595,akwamaniak
3596,DirtyPony
3597,yqinole
3598,Vindor
3599,lemadofup
3600,Sherine
3601,Ewelyn
3602,BATZ
3603,gen
3604,foxy320
3605,Nighthowler
3606,BadShadow
3607,raben24
3608,jaktub357
3609,Niedzwiadek
3610,kyhyn
3611,Skejven
3612,diheget
3613,ywewadyg
3614,Królik
3615,Rix
3616,Brin
3617,Bass
3618,Bazyl
3619,mr.cat
3620,vomyvy
3621,Frygo93
3622,tigrito
3623,Filip-lis
3624,Grzywiasty
3625,Morlinek
3626,Lukey
3627,SherineFix
3628,RaczejNie
3629,Radli1
3630,Rixvar
3631,Neyk
3632,Delgado
3633,Lisor
3634,RashinTsoro
3635,Shaderd
3636,viriFOX
3637,Ragles
3638,Warmik
3640,TheMohawkLion
3642,RenAstra
3643,wolficzka
3644,Niki
3645,PInK
3646,SnowyRain
3647,Kalinen
3648,FutrotFur
3649,ypahade
3650,SoullessPL
3651,Krzychol
3652,Vanish
